n,standard, strassen_16, strassen_32, strassen_64
2,5.2e-05,5.6e-05,5.5e-05,5.4e-05
4,0.000129,0.000125,0.0001135,0.000114
8,0.0006515,0.000643,0.00064,0.000635
16,0.003778,0.003822,0.0038205,0.0038125
32,0.0392715,0.036026,0.0496965,0.0302295
64,0.265913,0.366271,0.39318,0.295906
128,2.45466,3.33144,2.86897,2.07705
256,12.9937,14.2246,15.6184,15.9132
