n,standard, strassen_16, strassen_32, strassen_64
8,0.000648,0.000609,0.000608,0.000609
16,0.003494,0.003756,0.00369,0.003841
32,0.02752,0.032688,0.012487,0.012453
64,0.098052,0.157209,0.131126,0.098573
128,0.884922,1.30427,1.15221,0.923434
256,7.7784,9.21158,10.1929,8.93267
512,56.2652,55.9136,61.8658,58.2861
1024,457.79,386.337,409.893,402.583
2048,4940.58,2664.12,2802.55,2778.4
4096,42408.5,19138.9,20072.6,19678.3
