n,standard, strassen_16, strassen_32, strassen_64
64,0.304176,0.436636,0.307093,0.138959
128,0.885178,1.29942,1.12599,0.909485
256,6.62514,8.90868,7.89162,7.29132
